12345,Label
56788,リップ
45678
sgfgh,アイシャドウ
ghyer
45678,リップ
ghyer,パウダー
E2801191A5030066551EEFE6,cac
E2801191A5030066551F1406,csa
E2801191A5030066551EEFE6E2801191A5030066551F1406,sca
E2801191A5030066551EEFE6E2801191A5030066551F1426,ga
E2801191A5030066551F1416,ga
E2801191A5030066551EEFF6,ga
E2801191A5030066551EEFF6E2801191A5030066551F1406,
E2801191A5030066551EEFF6E2801191A5030066551F1416,
E2801191A5030066551EEFF6E2801191A5030066551F1406E2801191A5030066551EEFE6,
E2801191A5030066551EEFF6E2801191A5030066551F1416E2801191A5030066551EEFE6,
E2801191A5030066551EEFF6E2801191A5030066551F1406E2801191A5030066551F1416,
E2801191A5030066551EEFF6E2801191A5030066551F1416E2801191A5030066551EEFE6E2801191A5030066551EEFC6,
E2801191A5030066551EEFB6,
E2801191A5030066551EEFD6,
E2801191A5030066551EEFF6E2801191A5030066551F1416,
E2801191A5030066551EEFF6E2801191A5030066551F1406E2801191A5030066551EEFE6E2801191A5030066551EEFC6,
E2801191A5030066551EEFD6E2801191A5030066551EEFF6,
E2801191A5030066551EEFB6E2801191A5030066551EEFE6,
E2801191A5030066551EEFF6E2801191A5030066551F1406E2801191A5030066551F1416E2801191A5030066551EEFF6,
E2801191A5030066551F1406E2801191A5030066551EEFD6,
E2801191A5030066551F1416E2801191A5030066551EEFB6,
E2801191A5030066551EEFF6E2801191A5030066551F1406E2801191A5030066551EEFE6E2801191A5030066551D9486,
E2801191A5030066551D6F56,
E2801191A5030066551EEFE6E2801191A5030066551F1406E2801191A5030066551D9496,
E2801191A5030066551EEFB6E2801191A5030066551EEFE6E2801191A5030066551DA086,
E2801191A5030066551EEFD6E2801191A5030066551EEFF6E2801191A5030066551D94B6,
E2801191A5030066551EEFD6E2801191A5030066551EEFF6E2801191A5030066551D94B6E2801191A5030066551D6F06,
E2801191A5030066551EEFB6E2801191A5030066551EEFE6E2801191A5030066551D9446,
E2801191A5030066551F1406E2801191A5030066551EEFD6E2801191A5030066551D6FD6,
E2801191A5030066551EEFB6E2801191A5030066551EEFE6E2801191A5030066551D94A6E2801191A5030066551D6F66,
E2801191A5030066551EEFB6E2801191A5030066551EEFE6E2801191A5030066551D9446E2801191A5030066551D9446,
E2801191A5030066551EEFD6E2801191A5030066551EEFF6E2801191A5030066551D94B6E2801191A5030066551EEF66,
E2801191A5030066551EEFD6E2801191A5030066551EEFF6E2801191A5030066551D94B6E2801191A5030066551DA006,
E2801191A5030066551EEFE6E2801191A5030066551F1406E2801191A5030066551D6FD6,
E2801191A5030066551EEFB6E2801191A5030066551EEFE6E2801191A5030066551D9446E2801191A5030066551D9446E2801191A5030066551DA086,
E2801191A5030066551EEFB6E2801191A5030066551EEFE6E2801191A5030066551D94A6E2801191A5030066551D6F66E2801191A5030066551D6F56,
E2801191A5030066551EEFF6E2801191A5030066551F1406E2801191A5030066551EEFE6E2801191A5030066551D9486E2801191A5030066551F1406,
91A5030066551D9426,
E2801191A5030066551D9496,
E2801191A5030066551D94A6,
E2801191A5030066551D6F66,
E2801191A5030066551D9416,
E2801191A5030066551EEFC6,
E2801191A5030066551D94B6,
E2801191A5030066551EEF96,
E2801191A5030066551D9486,
E2801191A5030066551DA056,
E2801191A5030066551D94B6,
E2801191A5030066551D9406,
E2801191A5030066551D94B6,
E2801191A5030066551EEF96,
E2801191A5030066551EEFC6,
E2801191A5030066551D94B6,
E2801191A5030066551D6F06,
E2801191A5030066551D6F96,
E2801191A5030066551EEFC6,
E2801191A5030066551D9486,
E2801191A5030066551D6F26,
E2801191A5030066551EEF06,
E2801191A5030066551EEFC6,
E2801191A5030066551D9406,
E2801191A5030066551D9446,
E2801191A5030066551D6F96,
E2801191A5030066551D9486,
E2801191A5030066551DA056,
E2801191A5030066551D94B6,
E2801191A5030066551EEF96,
E2801191A5030066551EEFC6,
